<keymap version="1" name="Sublime Text (macOS) copy" parent="Sublime Text (Mac OS X)">
  <action id="$Delete">
    <keyboard-shortcut first-keystroke="back_space" />
    <keyboard-shortcut first-keystroke="meta back_space" />
  </action>
  <action id="ActivateFavoritesToolWindow" />
  <action id="ActivateStructureToolWindow">
    <keyboard-shortcut first-keystroke="meta 2" />
  </action>
  <action id="ActivateTerminalToolWindow" />
  <action id="AutoIndentLines">
    <keyboard-shortcut first-keystroke="shift meta i" />
  </action>
  <action id="ContextHelp" />
  <action id="EditorAddOrRemoveCaret">
    <mouse-shortcut keystroke="shift alt button1" />
  </action>
  <action id="EditorBackSpace">
    <keyboard-shortcut first-keystroke="back_space" />
  </action>
  <action id="EditorCreateRectangularSelectionOnMouseDrag">
    <mouse-shortcut keystroke="button2" />
    <mouse-shortcut keystroke="alt button1" />
  </action>
  <action id="EditorDeleteToLineEnd" />
  <action id="EditorDeleteToLineStart">
    <keyboard-shortcut first-keystroke="meta back_space" />
  </action>
  <action id="EditorFocusGutter" />
  <action id="EditorIndentSelection" />
  <action id="EditorScrollToCenter" />
  <action id="EditorSelectLine">
    <keyboard-shortcut first-keystroke="meta l" />
  </action>
  <action id="EditorSelectWord">
    <keyboard-shortcut first-keystroke="shift meta j" />
  </action>
  <action id="EditorSortLines" />
  <action id="EditorUnindentSelection">
    <keyboard-shortcut first-keystroke="meta open_bracket" />
    <keyboard-shortcut first-keystroke="shift tab" />
  </action>
  <action id="FindNext">
    <keyboard-shortcut first-keystroke="meta g" />
  </action>
  <action id="FindUsages" />
  <action id="FindUsagesInFile" />
  <action id="FindWordAtCaret" />
  <action id="GotoBookmark1" />
  <action id="GotoBookmark2" />
  <action id="GotoBookmark3" />
  <action id="GotoBookmark4" />
  <action id="GotoBookmark5" />
  <action id="GotoBookmark6" />
  <action id="GotoDeclaration">
    <mouse-shortcut keystroke="button2" />
    <mouse-shortcut keystroke="meta button1" />
  </action>
  <action id="GotoFile">
    <keyboard-shortcut first-keystroke="meta t" />
  </action>
  <action id="GotoNextBookmark" />
  <action id="HighlightUsagesInFile">
    <keyboard-shortcut first-keystroke="meta alt g" />
    <keyboard-shortcut first-keystroke="meta d" />
  </action>
  <action id="MoveToNextParagraph">
    <keyboard-shortcut first-keystroke="alt down" />
  </action>
  <action id="MoveToNextParagraphWithSelection">
    <keyboard-shortcut first-keystroke="shift alt down" />
  </action>
  <action id="MoveToPreviousParagraph">
    <keyboard-shortcut first-keystroke="alt up" />
  </action>
  <action id="MoveToPreviousParagraphWithSelection">
    <keyboard-shortcut first-keystroke="shift alt up" />
  </action>
  <action id="ShowIntentionActions">
    <keyboard-shortcut first-keystroke="alt enter" />
    <mouse-shortcut keystroke="alt button1" />
  </action>
  <action id="ShowPopupMenu" />
  <action id="ShowSettingsAndFindUsages" />
  <action id="ShowUsages" />
</keymap>