<keymap version="1" name="Default copy" parent="Mac OS X 10.5+">
  <action id="EditorDownWithSelection" />
  <action id="EditorJoinLines">
    <keyboard-shortcut first-keystroke="shift j" />
  </action>
  <action id="EditorLeftWithSelection" />
  <action id="EditorRightWithSelection" />
  <action id="EditorSplitLine">
    <keyboard-shortcut first-keystroke="shift k" />
  </action>
  <action id="EditorUpWithSelection" />
  <action id="GotoFile">
    <keyboard-shortcut first-keystroke="meta t" />
  </action>
  <action id="GotoTest" />
  <action id="Images.ShowThumbnails" />
  <action id="ReopenClosedTab">
    <keyboard-shortcut first-keystroke="shift meta t" />
  </action>
  <action id="RunDashboard.ShowConfigurations" />
  <action id="Scala.ShowImplicits">
    <keyboard-shortcut first-keystroke="shift ctrl alt equals" />
    <keyboard-shortcut first-keystroke="shift ctrl alt add" />
  </action>
  <action id="Vcs.UpdateProject" />
</keymap>